<?xml version="1.0" encoding="UTF-8" standalone="yes"?>
<root>

<MfKtHonshiKiji>
<MfKtKihanInfo>
<kihanData>
<kohanDate>22.09.01</kohanDate>
<hansu>１３版Ｓ</hansu>
<size>15段 標準（刷寸）</size>
<monoHan>起版</monoHan>
<phan>--</phan>
<iroHan>--</iroHan>
<kohanTime>21:58</kohanTime>
<kaizo>自社組</kaizo>
<ryuyoMotoHan>--</ryuyoMotoHan>
<changeState>0</changeState>
<headerOption>1</headerOption>
<versionCode>13S</versionCode>
<remodelingStatus>2</remodelingStatus>
</kihanData>
<kihanData>
<kohanDate>22.09.01</kohanDate>
<hansu>１３版</hansu>
<size>15段 標準（刷寸）</size>
<monoHan>起版</monoHan>
<phan>--</phan>
<iroHan>--</iroHan>
<kohanTime>--</kohanTime>
<kaizo>自社組</kaizo>
<ryuyoMotoHan>--</ryuyoMotoHan>
<changeState>0</changeState>
<headerOption>0</headerOption>
<versionCode>130</versionCode>
<remodelingStatus>2</remodelingStatus>
</kihanData>
<kihanData>
<kohanDate>22.09.01</kohanDate>
<hansu>１４版</hansu>
<size>15段 標準（刷寸）</size>
<monoHan>起版</monoHan>
<phan>--</phan>
<iroHan>--</iroHan>
<kohanTime>--</kohanTime>
<kaizo>自社組</kaizo>
<ryuyoMotoHan>--</ryuyoMotoHan>
<changeState>0</changeState>
<headerOption>0</headerOption>
<versionCode>140</versionCode>
<remodelingStatus>2</remodelingStatus>
</kihanData>
<kihanData>
<kohanDate>22.09.01</kohanDate>
<hansu>１４版Ｓ</hansu>
<size>15段 標準（刷寸）</size>
<monoHan>起版</monoHan>
<phan>--</phan>
<iroHan>--</iroHan>
<kohanTime>--</kohanTime>
<kaizo>自社組</kaizo>
<ryuyoMotoHan>--</ryuyoMotoHan>
<changeState>0</changeState>
<headerOption>0</headerOption>
<versionCode>14S</versionCode>
<remodelingStatus>2</remodelingStatus>
</kihanData>
<kihanData>
<kohanDate>22.09.01</kohanDate>
<hansu>１４版△</hansu>
<size>15段 標準（刷寸）</size>
<monoHan>起版</monoHan>
<phan>--</phan>
<iroHan>--</iroHan>
<kohanTime>--</kohanTime>
<kaizo>自社組</kaizo>
<ryuyoMotoHan>--</ryuyoMotoHan>
<changeState>0</changeState>
<headerOption>0</headerOption>
<versionCode>145</versionCode>
<remodelingStatus>2</remodelingStatus>
</kihanData>
<kihanData>
<kohanDate>22.09.01</kohanDate>
<hansu>１８版</hansu>
<size>15段 標準（刷寸）</size>
<monoHan>起版</monoHan>
<phan>--</phan>
<iroHan>--</iroHan>
<kohanTime>--</kohanTime>
<kaizo>自社組</kaizo>
<ryuyoMotoHan>--</ryuyoMotoHan>
<changeState>0</changeState>
<headerOption>2</headerOption>
<versionCode>180</versionCode>
<remodelingStatus>2</remodelingStatus>
</kihanData>
<kihanDataLabel>
<kihanInfoLbl>≪起版情報≫</kihanInfoLbl>
<kohanDateLbl>降版日</kohanDateLbl>
<hansuLbl>版数</hansuLbl>
<sizeLbl>起版サイズ</sizeLbl>
<monoHanLbl>モノクロ版</monoHanLbl>
<phanLbl>P版</phanLbl>
<iroHanLbl>色版</iroHanLbl>
<kohanTimeLbl>降版時刻</kohanTimeLbl>
<kaizoLbl>流用種別</kaizoLbl>
<ryuyoMotoHanLbl>流用元版</ryuyoMotoHanLbl>
</kihanDataLabel>
</MfKtKihanInfo>
<MfKtKsaiInfo>
<ksaiData>
<kumikomiDate>22.08.31</kumikomiDate>
<hantaiHankeiretsu>統合</hantaiHankeiretsu>
<color>モノクロ</color>
<size>15段 標準（刷寸）</size>
<kiridashi>無し</kiridashi>
<changeState>0</changeState>
</ksaiData>
<ksaiData>
<kumikomiDate>22.08.31</kumikomiDate>
<hantaiHankeiretsu>セット</hantaiHankeiretsu>
<color>モノクロ</color>
<size>15段 標準（刷寸）</size>
<kiridashi>無し</kiridashi>
<changeState>0</changeState>
</ksaiData>
<ksaiData>
<kumikomiDate>22.08.31</kumikomiDate>
<hantaiHankeiretsu>選挙朝刊</hantaiHankeiretsu>
<color>モノクロ</color>
<size>15段 標準（刷寸）</size>
<kiridashi>無し</kiridashi>
<changeState>0</changeState>
</ksaiData>
<ksaiDataLabel>
<ksaiInfoLbl>≪掲載情報≫</ksaiInfoLbl>
<kumikomiDateLbl>組込日</kumikomiDateLbl>
<hantaiHankeiretsuLbl>版帯/版系列</hantaiHankeiretsuLbl>
<colorLbl>掲載カラー</colorLbl>
<sizeLbl>掲載サイズ</sizeLbl>
<kiridashiLbl>切り出し</kiridashiLbl>
</ksaiDataLabel>
</MfKtKsaiInfo>
<pageNo>(1/1)</pageNo>
<entryNo>記事申込番号：TEST0000000000001</entryNo>
<kihonInfoLabel>
<mokoBaitaiLbl>申込媒体</mokoBaitaiLbl>
<ksaiShaLbl>掲載社</ksaiShaLbl>
<kijiMenLbl>記事面名</kijiMenLbl>
<sizeLbl>申込サイズ</sizeLbl>
<colorLbl>制作カラー</colorLbl>
<mokoDateLbl>申込日</mokoDateLbl>
<kohanDateLbl>降版日</kohanDateLbl>
<kumikomiDateLbl>組込日</kumikomiDateLbl>
<nirenbanMatagiLbl>２連版/またぎ</nirenbanMatagiLbl>
<rangaiCutLbl>欄外カット</rangaiCutLbl>
<senkouHonbanLbl>先行本番</senkouHonbanLbl>
<toriokiLbl>取り置き</toriokiLbl>
<bikoLbl>備考</bikoLbl>
<shusatsuLbl>集刷</shusatsuLbl>
</kihonInfoLabel>
<kihonInfoValue>
<mediaMajorCode>N001</mediaMajorCode>
<mediaMiddleCode>1</mediaMiddleCode>
<mediaMinorCode>001</mediaMinorCode>
<editionCode>M</editionCode>
<mokoBaitai upd="false">テスト新聞本紙</mokoBaitai>
<ksaiSha upd="false">テスト本社 朝刊</ksaiSha>
<kijiMen upd="false">文化</kijiMen>
<size upd="false">15段 標準（刷寸）</size>
<color upd="false">モノクロ</color>
<mokoDate upd="false">2022年08月30日(火)</mokoDate>
<kohanDate upd="false">2022年09月01日(木)</kohanDate>
<kumikomiDate upd="false">2022年08月31日(水)</kumikomiDate>
<nirenbanMatagi upd="false">指定なし</nirenbanMatagi>
<rangaiCut upd="false">定型</rangaiCut>
<senkouHonban upd="false">テストパターン</senkouHonban>
<torioki upd="false">シナリオ</torioki>
<biko>先記事申込テスト</biko>
<shusatsu upd="false">無効</shusatsu>
</kihonInfoValue>
<MfKtRyuyoMotoKiji>
<ryuyoDataLabel>
<ryuyoMotoKijiLbl>≪テスト記事≫</ryuyoMotoKijiLbl>
<baitaiLbl>媒体</baitaiLbl>
<ksaiShaLbl>掲載社</ksaiShaLbl>
<kijiMenLbl>記事面名</kijiMenLbl>
<kumikomiDateLbl>組込日</kumikomiDateLbl>
<sizeLbl>流用元サイズ</sizeLbl>
</ryuyoDataLabel>
<ryuyoData exist="false">
<baitai>--</baitai>
<ksaiSha>--</ksaiSha>
<kijiMen>--</kijiMen>
<kumikomiDate>--</kumikomiDate>
<size>--</size>
</ryuyoData>
</MfKtRyuyoMotoKiji>
</MfKtHonshiKiji>


<MfKtHeader>
<header>2022年08月30日 18:24発行 発行元：テスト本社 情報技術本部（情報システム部） テストシステム共用 組込日：2022年08月31日 〜 2022年08月31日</header>
<title>本紙記事記事申込情報利用検査結果【実用】（東京）</title>
<atesakiLbl>回章宛先：</atesakiLbl>
<atesaki>システス１</atesaki>
<commentLbl>回章コメント</commentLbl>
<comment>先記事申込テスト</comment>
<issueDept>テスト本社 情報技術本部（情報システム部） テストシステム共用</issueDept>
<sendDept>テスト本社 情報技術本部（情報システム部） テストシステム共用</sendDept>
<version>ver.01</version>
<footer>本紙記事記事申込情報利用検査結果【実用】（東京）　TEST0000000000001</footer>
<preserve>1</preserve>
<addDest/>
</MfKtHeader>




</root>
