{
"applicationID":"202208020003",
"manager":"Housei太郎",
"propertyName":"テスト8/2(火曜)003",
"advertiser":"山口　樹",
"advertiserTEL":"0343466600",
"industryNumber":" 建築・内装(1段行物)",
"industryName":"建築・内装(1段行物)",
"occupationNumber":"1390 1390 建築",
"occupationName":"1390 建築",
"adAgencyName":"㈱スポニチパートナー",
"adAgencyNumber":"10342126596 ㈱スポ",
"mediaName":"スポニチ",
"productName":"大阪・スポニチ案内",
"layout":"1段行物(大阪・スポニチ案内)",
"applicationSize":"4行",
"ApplicationSubmissionDate":null,
"applicationDateDay":"",
"postHeadOffice":"大阪本社",
"publicateNumber":"3回",
"publicateDate":"2022/09/06・13・20",
"image":"https://gimg2.baidu.com/image_search/src=http%3A%2F%2Fpic.jj20.com%2Fup%2Fallimg%2F1114%2F0P220124351%2F200P2124351-8-1200.jpg&refer=http%3A%2F%2Fpic.jj20.com&app=2002&size=f9999,10000&q=a80&n=0&g=0n&fmt=auto?sec=1666419702&t=6f84488f38bd8bcbefc326757f265b63",
"ouputDateOclock":"2022-09-14 17:05:29"
}

